{
  "project_info": {
    "project_number": "854828069200",
    "project_id": "reuvenbagrut-31892",
    "storage_bucket": "reuvenbagrut-31892.firebasestorage.app"
  },
  "client": [
    {
      "client_info": {
        "mobilesdk_app_id": "1:854828069200:android:428110e5145f8a4296bc55",
        "android_client_info": {
          "package_name": "com.example.reuvenbagrut"
        }
      },
      "oauth_client": [],
      "api_key": [
        {
          "current_key": "AIzaSyBdWZvsx5N-D5HECjSmBr56ZIA7_FzAhB8"
        }
      ],
      "services": {
        "appinvite_service": {
          "other_platform_oauth_client": []
        }
      }
    }
  ],
  "configuration_version": "1"
}